"Date","URL","Title","Site","Tags"
"10/01/2014","http://community.thecord.ca/blog/2014/01/10/2014-election-watch/","2014 election watch","The Cord","waterloo"
"29/01/2014","http://www.570news.com/2014/01/29/whos-running/","Who’s running","570 News","all"
"04/02/2014","http://www.570news.com/2014/02/04/kitchener-will-have-a-new-mayor-in-the-fall/","Kitchener will have a new mayor in the fall","570 News","kitchener"
"07/02/2014","http://community.thecord.ca/blog/2014/02/07/election-watch-2014-the-lrt-has-left-the-station-time-for-candidates-to-move-on/","ELECTION WATCH 2014: The LRT has left the station","The Cord","waterloo"
"18/02/2014","http://www.570news.com/2014/02/18/former-waterloo-cfo-running-for-council/","Former Waterloo CFO running for council","570 News","waterloo"
"27/02/2014","http://www.570news.com/2014/02/27/cambridge-ward-5-councillor-pam-wolf-running-for-re-election/","Cambridge Ward 5 Councillor Pam Wolf running for re-election","570 News","cambridge"
"07/03/2014","http://www.570news.com/2014/03/07/cambridge-council-to-introduce-new-voting-options/","Cambridge council to introduce new voting options","570 News","cambridge"
"19/03/2014","http://www.newhamburgindependent.ca/news/let-the-election-campaigns-begin/","Let the election campaigns begin","New Hamburg Independent","wilmot"
"20/03/2014","http://www.570news.com/2014/03/20/a-4th-candidate-for-mayor-of-waterloo/","A 4th candidate for mayor of Waterloo","570 News","waterloo"
"21/03/2014","http://www.570news.com/2014/03/21/vrbanovic-to-talk-political-future/","Vrbanovic to run for Mayor of Kitchener","570 News","kitchener"
"25/03/2014","http://www.570news.com/2014/03/25/craig-seeking-re-election-in-cambridge/","Craig seeking re-election in Cambridge","570 News","cambridge"
"26/03/2014","http://www.therecord.com/news-story/4430581-mayor-doug-craig-seeking-fifth-term/","Mayor Doug Craig seeking fifth term","The Record","cambridge"
"28/03/2014","http://www.570news.com/2014/03/28/now-three-in-race-for-kitcheners-ward-two/","Now three in race for Kitchener’s Ward Two","570 News","kitchener"
"05/04/2014","http://community.thecord.ca/blog/2014/04/05/dear-mayoral-candidates-an-open-letter/","Dear mayoral candidates: an open letter","The Cord","waterloo"
"25/04/2014","http://observerxtra.com/another-candidate-joins-the-fray-in-woolwichs-ward-3/","Another candidate joins the fray in Woolwich’s Ward 3","ObserverXtra","woolwich"
"28/04/2014","http://www.cbc.ca/news/canada/kitchener-waterloo/waterloo-region-votes-5-questions-for-woolwich-s-todd-cowan-1.2623982","Waterloo Region votes: 5 questions for Woolwich's Todd Cowan","CBC","woolwich"
"29/04/2014","http://www.cbc.ca/news/canada/kitchener-waterloo/waterloo-region-votes-5-questions-for-cambridge-s-doug-craig-1.2622187","Waterloo Region votes: 5 questions for Cambridge's Doug Craig","CBC","cambridge"
"30/04/2014","http://www.cbc.ca/news/canada/kitchener-waterloo/waterloo-region-votes-5-questions-for-north-dumfries-sue-foxton-1.2625755","Waterloo Region votes: 5 questions for North Dumfries' Sue Foxton","CBC","north-dumfries"
"30/04/2014","http://www.newhamburgindependent.ca/news/kelterborn-will-retire-as-two-councillors-compete-to-become-wellesley-mayor/","Ross Kelterborn will retire as two councillors compete to become Wellesley’s next mayor","New Hamburg Independent","wellesley"
"01/05/2014","http://www.cbc.ca/news/canada/kitchener-waterloo/waterloo-region-votes-5-questions-for-kitchener-s-dan-glenn-graham-1.2625799","Waterloo Region votes: 5 questions for Kitchener's Dan Glenn-Graham","CBC","kitchener"
"02/05/2014","http://www.cbc.ca/news/canada/kitchener-waterloo/waterloo-region-votes-5-questions-for-wellesley-s-paul-hergott-1.2625815","Waterloo Region votes: 5 questions for Wellesley's Paul Hergott","CBC","wellesley"
"05/05/2014","http://www.cbc.ca/news/canada/kitchener-waterloo/waterloo-region-votes-5-questions-for-waterloo-s-dave-jaworsky-1.2632237","Waterloo Region votes: 5 questions for Waterloo's Dave Jaworsky","CBC","waterloo"
"07/05/2014","http://www.cbc.ca/news/canada/kitchener-waterloo/waterloo-region-votes-5-questions-for-wellesley-s-jim-olender-1.2634724","Waterloo Region votes: 5 questions for Wellesley's Jim Olender","CBC","wellesley"
"08/05/2014","http://www.cbc.ca/news/canada/kitchener-waterloo/waterloo-region-votes-5-questions-for-waterloo-s-rami-said-1.2634901","Waterloo Region votes: 5 questions for Waterloo's Rami Said","CBC","waterloo"
"09/05/2014","http://observerxtra.com/two-new-candidates-toss-their-hats-in-for-wellesleys-ward-4/","Two new candidates toss their hats in for Wellesley’s Ward 4","ObserverXtra","wellesley"
"09/05/2014","http://community.thecord.ca/blog/2014/05/09/wheres-the-tech-savvy-mayor-for-a-tech-savvy-town/","Where’s the tech-savvy mayor for a tech savvy town?","The Cord","waterloo"
"12/05/2014","http://www.cbc.ca/news/canada/kitchener-waterloo/waterloo-region-votes-5-questions-for-woolwich-s-sandy-shantz-1.2639712","Waterloo Region votes: 5 questions for Woolwich's Sandy Shantz","CBC","woolwich"
"13/05/2014","http://www.cbc.ca/news/canada/kitchener-waterloo/waterloo-region-votes-5-questions-for-waterloo-s-erika-traub-1.2641502","Waterloo Region votes: 5 questions for Waterloo's Erika Traub","CBC","waterloo"
"14/05/2014","http://www.cbc.ca/news/canada/kitchener-waterloo/waterloo-region-votes-5-questions-for-kitchener-s-berry-vrbanovic-1.2642800","Waterloo Region Votes: 5 Questions for Kitchener's Berry Vrbanovic","CBC","kitchener"
"16/05/2014","http://observerxtra.com/first-candidate-steps-up-in-wellesleys-ward-3/","First candidate steps up in Wellesley’s Ward 3","ObserverXtra","wellesley"
"21/05/2014","http://www.cbc.ca/news/canada/kitchener-waterloo/waterloo-region-votes-5-questions-for-waterloo-s-dave-macdonald-1.2649461","Waterloo Region Votes: 5 questions for Waterloo's Dave MacDonald","CBC","waterloo"
"30/05/2014","http://observerxtra.com/another-candidate-enters-race-for-wellesley-ward-1/","Another candidate enters race for Wellesley Ward 1","ObserverXtra","wellesley"
"11/06/2014","http://www.waterloochronicle.ca/news/two-more-join-the-race-for-city-council-seats/","Two more join the race for city council seats","Waterloo Chronicle","waterloo"
"18/06/2014","http://www.570news.com/2014/06/18/chair-of-catholic-school-board-to-run-for-city-council/","Chair of Catholic school board to run for city council","570 News","kitchener"
"20/06/2014","http://www.570news.com/2014/06/20/rematch-in-cambridge-for-mayors-seat/","Rematch in Cambridge for Mayor’s seat","570 News","cambridge"
"20/06/2014","http://observerxtra.com/former-councillor-nowak-joins-wellesley-mayoral-race/","Former councillor Nowak joins Wellesley mayoral race","ObserverXtra","wellesley"
"27/06/2014","http://observerxtra.com/another-candidate-joins-the-race-for-woolwich-ward-1/","Another candidate joins the race for Woolwich Ward 1","ObserverXtra","woolwich"
"03/07/2014","http://community.thecord.ca/blog/2014/07/03/elections-call-for-digitized-information-hub/","Elections call for digitized information hub","The Cord","all"
"04/07/2014","http://www.kitchenerpost.ca/news/ward-1-candidate-currently-uncontested-2/","Ward 1 candidate currently uncontested","Kitchener Post","kitchener"
"04/07/2014","http://observerxtra.com/third-candidate-enters-the-race-for-ward-4-in-wellesley/","Third candidate enters the race for Ward 4 in Wellesley","ObserverXtra","wellesley"
"09/07/2014","http://www.cbc.ca/news/canada/kitchener-waterloo/waterloo-region-votes-5-questions-for-cambridge-s-linda-whetham-1.2700155","Waterloo Region Votes: 5 questions for Cambridge's Linda Whetham","CBC","cambridge"
"09/07/2014","http://www.cbc.ca/news/canada/kitchener-waterloo/waterloo-region-votes-5-questions-for-kitchener-s-peter-martin-1.2700101","Waterloo Region Votes: 5 Questions for Kitchener's Peter Martin","CBC","kitchener"
"10/07/2014","http://www.kitchenerpost.ca/news/kitchener-votes-ward-2-chris-letizi/","Kitchener Votes Ward 2: Chris Letizi","Kitchener Post","kitchener"
"10/07/2014","http://www.kitchenerpost.ca/news/kitchener-votes-ward-2-dan-graham/","Kitchener Votes Ward 2: Dan Graham","Kitchener Post","kitchener"
"10/07/2014","http://www.kitchenerpost.ca/news/kitchener-votes-ward-2-grayson-zeilstra/","Kitchener Votes Ward 2: Grayson Zeilstra","Kitchener Post","kitchener"
"11/07/2014","http://observerxtra.com/another-candidate-joins-race-for-woolwichs-ward-3/","Another candidate joins race for Woolwich’s Ward 3","ObserverXtra","woolwich"
"11/07/2014","http://observerxtra.com/ward-3s-bryant-seeks-woolwich-mayors-seat/","Ward 3’s Bryant seeks Woolwich mayor’s seat","ObserverXtra","woolwich"
"17/07/2014","http://www.kitchenerpost.ca/news/kitchener-votes-ward-3-john-gazzola/","Kitchener Votes Ward 3: John Gazzola","Kitchener Post","kitchener"
"18/07/2014","http://observerxtra.com/new-entrant-makes-it-a-race-in-ward-1/","New entrant makes it a race in Ward 1","ObserverXtra","woolwich"
"24/07/2014","http://www.kitchenerpost.ca/news/kitchener-votes-ward-4-rolf-malthaner/","Kitchener Votes Ward 4: Rolf Malthaner","Kitchener Post","kitchener"
"24/07/2014","http://www.kitchenerpost.ca/news/kitchener-votes-ward-4-wayne-buchholtz/","Kitchener Votes Ward 4: Wayne Buchholtz","Kitchener Post","kitchener"
"24/07/2014","http://www.kitchenerpost.ca/news/kitchener-votes-ward-4-yvonne-fernandes/","Kitchener Votes Ward 4: Yvonne Fernandes","Kitchener Post","kitchener"
"25/07/2014","http://observerxtra.com/planning-is-key-for-latest-hopeful-in-wellesleys-ward-4/","Planning is key for latest hopeful in Wellesley’s Ward 4","ObserverXtra","wellesley"
"31/07/2014","http://www.kitchenerpost.ca/news/kitchener-votes-ward-5-kelly-galloway-sealock/","Kitchener Votes Ward 5: Kelly Galloway-Sealock","Kitchener Post","kitchener"
"31/07/2014","http://www.kitchenerpost.ca/news/kitchener-votes-ward-5-lala-malik/","Kitchener Votes Ward 5: Lala Malik","Kitchener Post","kitchener"
"07/08/2014","http://www.cbc.ca/news/canada/kitchener-waterloo/waterloo-region-votes-5-questions-for-woolwich-s-bonnie-bryant-1.2728902","Waterloo Region Votes: 5 Questions for Woolwich's Bonnie Bryant","CBC","woolwich"
"07/08/2014","http://www.kitchenerpost.ca/news/kitchener-votes-ward-6-paul-singh/","Kitchener Votes Ward 6: Paul Singh","Kitchener Post","kitchener"
"07/08/2014","http://www.kitchenerpost.ca/news/kitchener-votes-ward-6-wanda-kampijan/","Kitchener Votes Ward 6: Wanda Kampijan","Kitchener Post","kitchener"
"10/08/2014","http://www.cbc.ca/news/canada/kitchener-waterloo/waterloo-region-votes-5-questions-for-wellesley-s-joe-nowak-1.2728951","Waterloo Region Votes: 5 Questions for Wellesley's Joe Nowak","CBC","wellesley"
"11/08/2014","http://community.thecord.ca/blog/2014/08/11/shape-the-debate/","Shape the debate","The Cord","all"
"11/08/2014","http://community.thecord.ca/blog/2014/08/11/wild-politics-in-kitchener/","Wild politics in Kitchener","The Cord","kitchener"
"12/08/2014","http://www.570news.com/2014/08/12/former-broadcaster-runs-for-ward-2-seat/","Former broadcaster runs for Ward 2 seat","570 News","kitchener"
"12/08/2014","http://www.newhamburgindependent.ca/news/terry-broda-begins-campaign-to-become-wilmot-townships-next-mayor/","Terry Broda begins campaign to become Wilmot Township’s next mayor","New Hamburg Independent","wilmot"
"13/08/2014","http://www.waterloochronicle.ca/news/first-candidate-declares-in-ward-5/","First candidate declares in Ward 5","Waterloo Chronicle","waterloo"
"13/08/2014","http://www.waterloochronicle.ca/news/former-student-challenging-seiling-for-regional-chair-post/","Former student challenging Seiling for regional chair post","Waterloo Chronicle","waterloo-region"
"14/08/2014","http://www.kitchenerpost.ca/news/kitchener-votes-ward-7-bil-ioannidis/","Kitchener Votes Ward 7: Bil Ioannidis","Kitchener Post","kitchener"
"14/08/2014","http://www.kitchenerpost.ca/news/kitchener-votes-ward-7-fauzia-mazhar/","Kitchener Votes Ward 7: Fauzia Mazhar","Kitchener Post","kitchener"
"14/08/2014","http://www.kitchenerpost.ca/news/kitchener-votes-ward-7-harald-drewitz/","Kitchener Votes Ward 7: Harald Drewitz","Kitchener Post","kitchener"
"15/08/2014","http://www.570news.com/2014/08/15/whaley-files-nomination-papers/","Whaley files nomination papers","570 News","waterloo"
"19/08/2014","http://www.570news.com/2014/08/19/steve-bongelli-running-in-ward-6-in-kitchener/","Steve Bongelli running in Ward 6 in Kitchener","570 News","kitchener"
"20/08/2014","http://www.waterloochronicle.ca/news/whaley-seeks-a-fourth-term-on-waterloo-city-council/","Whaley seeks a fourth term on Waterloo city council","Waterloo Chronicle","waterloo"
"21/08/2014","http://www.570news.com/2014/08/21/a-third-candidate-running-for-mayor-in-cambridge/","A third candidate running for mayor in Cambridge","570 News","cambridge"
"21/08/2014","http://www.kitchenerpost.ca/news/kitchener-votes-ward-8-margaret-johnston/","Kitchener Votes Ward 8: Margaret Johnston","Kitchener Post","kitchener"
"21/08/2014","http://www.kitchenerpost.ca/news/kitchener-votes-ward-8-zyg-janecki/","Kitchener Votes Ward 8: Zyg Janecki","Kitchener Post","kitchener"
"27/08/2014","http://www.570news.com/2014/08/27/former-mp-karen-redman-running-for-regional-council/","Former MP Karen Redman running for regional council","570 News","waterloo-region"
"28/08/2014","http://www.kitchenerpost.ca/news/kitchener-votes-ward-9-frank-etherington/","Kitchener Votes Ward 9: Frank Etherington","Kitchener Post","kitchener"
"28/08/2014","http://www.kitchenerpost.ca/news/kitchener-votes-ward-9-steve-strohack/","Kitchener Votes Ward 9: Steve Strohack","Kitchener Post","kitchener"
"28/08/2014","http://www.kitchenerpost.ca/news/kitchener-votes-ward-9-terry-ross/","Kitchener Votes Ward 9: Terry Ross","Kitchener Post","kitchener"
"28/08/2014","http://www.kitchenerpost.ca/news/kitchener-votes-ward-9-tessa-jennison/","Kitchener Votes Ward 9: Tessa Jennison","Kitchener Post","kitchener"
"29/08/2014","http://www.570news.com/2014/08/29/galloway-running-for-regional-council-again/","Galloway running for regional council again","570 News","waterloo-region"
"29/08/2014","http://www.cbc.ca/news/canada/kitchener-waterloo/waterloo-region-votes-5-questions-for-north-dumfries-kim-denouden-1.2750505","Waterloo Region Votes: 5 Questions for North Dumfries' Kim Denouden","CBC","north-dumfries"
"31/08/2014","http://www.570news.com/2014/08/31/paul-tavares-able-to-run-for-mayor-of-cambirdge/","Paul Tavares able to run for Mayor of Cambridge","570 News","cambridge"
"03/09/2014","http://www.therecord.com/publication-topics/waterlooregionrecord/4902407-wellesley-ward-4","Wellesley Ward 4","The Record","wellesley"
"04/09/2014","http://www.570news.com/2014/09/04/jay-aissa-officially-joins-race-for-regional-chair/","Jay Aissa officially joins race for Regional Chair","570 News","waterloo-region"
"04/09/2014","http://www.kitchenerpost.ca/news/kitchener-votes-ward-10-adam-kochanski/","Kitchener Votes Ward 10: Adam Kochanski","Kitchener Post","kitchener"
"04/09/2014","http://www.kitchenerpost.ca/news/kitchener-votes-ward-10-james-howe/","Kitchener Votes Ward 10: James Howe","Kitchener Post","kitchener"
"04/09/2014","http://www.kitchenerpost.ca/news/kitchener-votes-ward-10-sarah-marsh/","Kitchener Votes Ward 10: Sarah Marsh","Kitchener Post","kitchener"
"04/09/2014","http://community.thecord.ca/blog/2014/09/04/shape-the-debate-creating-connected-community/","Shape the debate: creating connected community","The Cord","all"
"04/09/2014","http://community.thecord.ca/blog/2014/09/04/shape-the-debate-visions-vs-speaking-points/","Shape the debate: visions vs. speaking points","The Cord","all"
"05/09/2014","http://www.cbc.ca/news/canada/kitchener-waterloo/waterloo-region-votes-5-questions-for-wilmot-s-terry-broda-1.2756814","Waterloo Region Votes: 5 questions for Wilmot's Terry Broda","CBC","wilmot"
"05/09/2014","http://metronews.ca/news/kitchener/1146193/waterloo-regions-lobby-groups-wade-into-the-municipal-election/","Waterloo Region’s lobby groups wade into the municipal election","Metro","all"
"05/09/2014","http://observerxtra.com/poffenroth-to-seek-second-term/","Poffenroth to seek second term","ObserverXtra","woolwich"
"08/09/2014","http://www.cbc.ca/news/canada/kitchener-waterloo/waterloo-region-votes-5-questions-for-wilmot-s-les-armstrong-1.2759480","Waterloo Region Votes: 5 Questions for Wilmot's Les Armstrong","CBC","wilmot"
"09/09/2014","http://www.cbc.ca/news/canada/kitchener-waterloo/police-to-investigate-woolwich-mayor-todd-cowan-s-expense-claims-1.2760339","Police to investigate Woolwich Mayor Todd Cowan's expense claims","CBC","woolwich"
"10/09/2014","http://www.therecord.com/news-story/4843539-councillor-says-cowan-had-conflict-on-police-referral/","Councillor says Cowan had conflict on police referral","The Record","woolwich"
"10/09/2014","http://www.waterloochronicle.ca/news/lrt-opponent-declares-for-chair/","LRT opponent declares for chair","Waterloo Chronicle","waterloo-region"
"11/09/2014","http://www.kitchenerpost.ca/news/kitchener-votes-mayoral-race-berry-vrbanovic/","Kitchener Votes Mayoral Race: Berry Vrbanovic","Kitchener Post","kitchener"
"11/09/2014","http://www.kitchenerpost.ca/news/kitchener-votes-mayoral-race-dan-glenn-graham/","Kitchener Votes Mayoral Race: Dan Glenn-Graham","Kitchener Post","kitchener"
"11/09/2014","http://www.kitchenerpost.ca/news/kitchener-votes-mayoral-race-james-rhodes/","Kitchener Votes Mayoral Race: James Rhodes","Kitchener Post","kitchener"
"11/09/2014","http://www.kitchenerpost.ca/news/kitchener-votes-mayoral-race-peter-martin/","Kitchener Votes Mayoral Race: Peter Martin","Kitchener Post","kitchener"
"12/09/2014","http://www.570news.com/2014/09/12/final-list-of-mayoral-and-regional-chair-candidates/","Local candidates running in the October 27th municipal election","570 News","all"
"12/09/2014","http://www.570news.com/2014/09/12/today-is-the-nomination-deadline-for-octobers-municipal-vote/","Today is the nomination deadline for October’s municipal vote","570 News","all"
"12/09/2014","http://www.cbc.ca/news/canada/kitchener-waterloo/waterloo-region-municipal-election-candidate-list-finalized-1.2764792","Waterloo Region municipal election candidate list finalized","CBC","all"
"12/09/2014","http://observerxtra.com/and-then-there-were-six-in-woolwich-ward-1-race/","And then there were six in Woolwich Ward 1 race","ObserverXtra","woolwich"
"12/09/2014","http://observerxtra.com/murray-martin-jumps-into-ward-3-race-for-woolwich-council/","Murray Martin jumps into Ward 3 race for Woolwich council","ObserverXtra","woolwich"
"12/09/2014","http://observerxtra.com/police-asked-to-investigate-cowans-expense-claims/","Police asked to investigate Cowan’s expense claims","ObserverXtra","woolwich"
"12/09/2014","http://observerxtra.com/report-paints-unflattering-picture-of-mayors-handling-of-expenses/","Report paints unflattering picture of mayor’s handling of expenses","ObserverXtra","woolwich"
"12/09/2014","http://observerxtra.com/ward-1-candidate-sees-need-for-stronger-representation/","Ward 1 candidate sees need for stronger representation","ObserverXtra","woolwich"
"12/09/2014","http://www.therecord.com/news-story/4857131-some-jockeying-as-election-nomination-deadline-looms/","Some jockeying as election nomination deadline looms","The Record","all"
"12/09/2014","http://www.therecord.com/news-story/4858622-struggling-families-face-rising-taxes-water-bills/","Struggling families face rising taxes, water bills","The Record","all"
"12/09/2014","http://www.therecord.com/news-story/4856967-cowan-expense-review-deepens/","Cowan expense review deepens","The Record","woolwich"
"15/09/2014","http://www.cambridgetimes.ca/news-story/4861411-candidate-watch-teacher-joins-list-of-seven-mayoral-contenders/","Candidate watch: Teacher joins list of seven mayoral contenders","Cambridge Times","cambridge"
"15/09/2014","http://www.cbc.ca/news/canada/kitchener-waterloo/waterloo-region-votes-kitchener-ward-6-profile-1.2766238","Waterloo Region votes: Kitchener Ward 6 profile","CBC","kitchener"
"15/09/2014","http://www.therecord.com/opinion-story/4861254-waste-not-want-not-municipal-election-is-your-opportunity-to-have-a-say/","Waste not, want not – municipal election is your opportunity to have a say","The Record","cambridge,waterloo-region"
"16/09/2014","http://www.570news.com/2014/09/16/list-of-municipal-election-debates-on-rogers-tv/","List of municipal election debates on Rogers TV","570 News","all"
"16/09/2014","http://www.cbc.ca/news/canada/kitchener-waterloo/regional-chair-candidate-oz-cole-arnal-wants-free-transit-for-poor-1.2768242","Regional chair candidate Oz Cole-Arnal wants free transit for poor","CBC","waterloo-region"
"16/09/2014","http://www.ilcwr.org/news/accessible-voting-municipal-election-2014-city-kitchener-and-city-waterloo","Accessible Voting for Municipal Election 2014: City of Kitchener and City of Waterloo","ILCWR","kitchener,waterloo"
"16/09/2014","http://www.newhamburgindependent.ca/news/late-entrants-look-to-unseat-current-wilmot-councillors/","Late entrants look to unseat current Wilmot councillors","New Hamburg Independent","wilmot"
"16/09/2014","http://www.therecord.com/news-story/4863853-more-cowan-expenses-referred-to-police/","More Cowan expenses referred to police","The Record","woolwich"
"17/09/2014","http://www.570news.com/2014/09/17/mayoral-hopefuls-in-kitchener-square-off/","Mayoral hopefuls in Kitchener square off","570 News","kitchener"
"17/09/2014","http://www.cbc.ca/news/canada/kitchener-waterloo/waterloo-region-votes-kitchener-ward-2-profile-1.2768640","Waterloo Region votes: Kitchener Ward 2 profile","CBC","kitchener"
"17/09/2014","http://www.cbc.ca/news/canada/kitchener-waterloo/waterloo-region-votes-5-questions-for-woolwich-s-doug-hergott-1.2769019","Waterloo Region Votes: 5 Questions for Woolwich's Doug Hergott","CBC","woolwich"
"17/09/2014","http://community.thecord.ca/blog/2014/09/17/waterloo-region-votes-all-candidates/","Waterloo Region votes: All candidates","The Cord","all"
"17/09/2014","http://www.therecord.com/news-story/4865455-full-slate-of-candidates-in-the-running-for-north-dumfries-council/","Full slate of candidates in the running for North Dumfries council","The Record","north-dumfries"
"17/09/2014","http://www.therecord.com/news-story/4865365-candidate-watch-six-candidates-seek-city-s-two-seats-at-regional-council/","Candidate watch: Six candidates seek city’s two seats at regional council","The Record","waterloo-region"
"17/09/2014","http://www.therecord.com/opinion-story/4865442-new-faces-at-regional-council-dynamic-about-to-change/","New faces at regional council, dynamic about to change","The Record","waterloo-region"
"17/09/2014","http://www.waterloochronicle.ca/news/final-candidates-are-in-for-oct-27-municipal-vote/","Final candidates are in for Oct. 27 municipal vote","Waterloo Chronicle","waterloo,waterloo-region"
"18/09/2014","http://www.cbc.ca/news/canada/kitchener-waterloo/waterloo-region-votes-kitchener-ward-7-profile-1.2769437","Waterloo Region votes: Kitchener Ward 7 profile","CBC","kitchener"
"18/09/2014","http://www.cbc.ca/news/canada/kitchener-waterloo/todd-cowan-woolwich-mayor-faces-new-double-billing-allegations-1.2770002","Todd Cowan, Woolwich mayor, faces new double-billing allegations","CBC","woolwich"
"18/09/2014","http://news.communitech.ca/columns/view-from-the-loo-carl-zehr-innovation-mayor-prepares-his-exit/","View from the ‘Loo: Carl Zehr, innovation mayor, prepares his exit","Communitech","kitchener"
"18/09/2014","http://www.kitchenerpost.ca/news/kitchener-votes-regional-chair-jay-aissa/","Kitchener Votes Regional chair: Jay Aissa","Kitchener Post","waterloo-region"
"18/09/2014","http://www.kitchenerpost.ca/news/kitchener-votes-regional-chair-john-wolf/","Kitchener Votes Regional chair: John Wolf","Kitchener Post","waterloo-region"
"18/09/2014","http://www.kitchenerpost.ca/news/kitchener-votes-regional-chair-ken-seiling/","Kitchener Votes Regional chair: Ken Seiling","Kitchener Post","waterloo-region"
"18/09/2014","http://www.kitchenerpost.ca/news/kitchener-votes-regional-chair-moira-sharon-magee/","Kitchener Votes Regional chair: Moira-Sharon Magee","Kitchener Post","waterloo-region"
"18/09/2014","http://www.kitchenerpost.ca/news/kitchener-votes-regional-chair-oscar-cole-arnal/","Kitchener Votes Regional chair: Oscar Cole-Arnal","Kitchener Post","waterloo-region"
"18/09/2014","http://www.kitchenerpost.ca/news/kitchener-votes-regional-chair-robert-milligan/","Kitchener Votes Regional chair: Robert Milligan","Kitchener Post","waterloo-region"
"18/09/2014","http://www.kitchenerpost.ca/news/kitchener-votes-regional-chair/","Kitchener Votes: Regional chair","Kitchener Post","waterloo-region"
"18/09/2014","http://www.therecord.com/news-story/4866469-transportation-issues-key-to-doug-craig-s-mayoral-campaign/","Transportation issues key to Doug Craig’s mayoral campaign","The Record","cambridge"
"18/09/2014","http://www.therecord.com/news-story/4869528-mayor-cowan-calls-double-billed-expense-claims-an-inadvertent-error-/","Woolwich Mayor Cowan calls double-billed expense claims ‘an inadvertent error’","The Record","woolwich"
"19/09/2014","http://www.570news.com/2014/09/19/infrastructure-common-theme-in-cambridge-mayoral-debate/","Infrastructure common theme in Cambridge Mayoral debate","570 News","cambridge"
"19/09/2014","http://www.cbc.ca/news/canada/kitchener-waterloo/waterloo-region-votes-kitchener-ward-4-profile-1.2767355","Waterloo Region votes: Kitchener Ward 4 profile","CBC","kitchener"
"19/09/2014","http://www.cbc.ca/news/canada/kitchener-waterloo/waterloo-region-votes-kitchener-ward-5-profile-1.2771169","Waterloo Region votes: Kitchener Ward 5 profile","CBC","kitchener"
"19/09/2014","http://observerxtra.com/cowans-grca-expenses-deemed-suspect-sent-to-police/","Cowan’s GRCA expenses deemed suspect, sent to police","ObserverXtra","woolwich"
"19/09/2014","http://observerxtra.com/mayoral-candidates-make-first-pitch-to-woolwich-voters/","Mayoral candidates make first pitch to Woolwich voters","ObserverXtra","woolwich"
"19/09/2014","http://observerxtra.com/the-public-is-the-boss-says-woolwich-mayoral-candidate/","The public is the boss, says Woolwich mayoral candidate","ObserverXtra","woolwich"
"19/09/2014","http://www.therecord.com/news-story/4871330-political-digs-platforms-mark-first-week-of-campaign/","Political digs, platforms mark first week of campaign","The Record","all"
"19/09/2014","http://www.therecord.com/news-story/4869306-online-voting-research-will-include-cambridge/","Online voting research will include Cambridge","The Record","cambridge"
"20/09/2014","http://www.cbc.ca/news/canada/kitchener-waterloo/waterloo-region-votes-5-questions-for-kitchener-s-james-rhodes-1.2771920","Waterloo Region Votes: 5 Questions for Kitchener's James Rhodes","CBC","kitchener"
"20/09/2014","http://www.therecord.com/news-story/4871568-north-dumfries-mayor-calls-for-code-of-conduct-for-regional-councillors/","North Dumfries mayor calls for code of conduct for regional councillors","The Record","north-dumfries"
"21/09/2014","http://www.southwesternontario.ca/news/regional-chair-candidate-facing-trio-of-charges/","Regional chair candidate facing trio of charges","Cambridge Times","waterloo-region"
"21/09/2014","http://www.southwesternontario.ca/news/incumbent-councillor-mark-bauman-acclaimed-in-ward-2/","Incumbent councillor Mark Bauman acclaimed in Ward 2","Elmira Independent","woolwich"
"21/09/2014","http://www.southwesternontario.ca/news/investigation-of-mayors-expenses-totals-25000/","Investigation of mayor’s expenses totals $25,000","Elmira Independent","woolwich"
"22/09/2014","http://www.cbc.ca/news/canada/kitchener-waterloo/waterloo-region-votes-kitchener-ward-3-profile-1.2773381","Waterloo Region votes: Kitchener Ward 3 profile","CBC","kitchener"
"22/09/2014","http://www.kitchenerpost.ca/news/vrbanovic-makes-second-policy-announcement/","Vrbanovic makes second policy announcement","Kitchener Post","kitchener"
"23/09/2014","http://www.cbc.ca/news/canada/kitchener-waterloo/waterloo-region-votes-5-questions-for-kitchener-s-slavko-miladinovic-1.2769084","Waterloo Region Votes: 5 Questions for Kitchener's Slavko Miladinovic","CBC","kitchener"
"23/09/2014","http://www.cbc.ca/news/canada/kitchener-waterloo/waterloo-region-votes-kitchener-ward-9-profile-1.2774855","Waterloo Region votes: Kitchener Ward 9 profile","CBC","kitchener"
"24/09/2014","http://www.570news.com/2014/09/24/chamber-of-commerce-hosting-series-of-municipal-election-debates/","Chamber of Commerce hosting series of municipal election debates","570 News","waterloo-region"
"24/09/2014","http://www.cbc.ca/news/canada/kitchener-waterloo/waterloo-region-votes-kitchener-ward-8-profile-1.2775496","Waterloo Region votes: Kitchener Ward 8 profile","CBC","kitchener"
"24/09/2014","http://www.therecord.com/news-story/4876338-e-democracy-gets-test-run-in-cambridge-thursday/","E-democracy gets test run in Cambridge Thursday","The Record","cambridge"
"24/09/2014","http://www.waterloochronicle.ca/news/race-for-regional-chair-the-largest-in-history/","Race for regional chair the largest in history","Waterloo Chronicle","waterloo-region"
"24/09/2014","http://www.waterloochronicle.ca/news/regional-chair-jay-aissa/","Regional Chair: Jay Aissa","Waterloo Chronicle","waterloo-region"
"24/09/2014","http://www.waterloochronicle.ca/news/regional-chair-john-wolf/","Regional Chair: John Wolf","Waterloo Chronicle","waterloo-region"
"24/09/2014","http://www.waterloochronicle.ca/news/regional-chair-ken-seiling/","Regional Chair: Ken Seiling","Waterloo Chronicle","waterloo-region"
"24/09/2014","http://www.waterloochronicle.ca/news/regional-chair-moira-sharon-magee/","Regional Chair: Moira-Sharon Magee","Waterloo Chronicle","waterloo-region"
"24/09/2014","http://www.waterloochronicle.ca/news/regional-chair-oscar-cole-arnal/","Regional Chair: Oscar Cole-Arnal","Waterloo Chronicle","waterloo-region"
"24/09/2014","http://www.waterloochronicle.ca/news/regional-chair-robert-milligan/","Regional Chair: Robert Milligan","Waterloo Chronicle","waterloo-region"
"25/09/2014","http://www.570news.com/2014/09/25/cambridge-introduces-online-and-telephone-voting-for-oct-27th-election/","Cambridge introduces online and telephone voting for Oct. 27th election","570 News","cambridge"
"25/09/2014","http://www.570news.com/2014/09/25/36-year-veteran-jane-brewer-drops-out-of-municipal-election/","36-year veteran Jane Brewer drops out of municipal election","570 News","waterloo-region"
"25/09/2014","http://www.570news.com/2014/09/25/debate-for-regional-chair-gets-heated-over-lrt/","Debate for regional chair gets heated over LRT","570 News","waterloo-region"
"25/09/2014","http://www.cambridgetimes.ca/opinion-story/4879691-brewer-millar-dedicated-to-cambridge/","Brewer & Millar: Dedicated to Cambridge","Cambridge Times","waterloo-region"
"25/09/2014","http://www.cambridgetimes.ca/news-story/4878075-jane-brewer-bows-out-of-regional-council-race/","Jane Brewer bows out of regional council race","Cambridge Times","waterloo-region"
"25/09/2014","http://www.cbc.ca/news/canada/kitchener-waterloo/waterloo-region-votes-kitchener-ward-1-profile-1.2777206","Waterloo Region votes: Kitchener Ward 1 profile","CBC","kitchener"
"25/09/2014","http://www.cbc.ca/news/canada/kitchener-waterloo/waterloo-region-votes-5-questions-for-north-dumfries-john-holman-1.2777593","Waterloo Region votes: 5 Questions for North Dumfries' John Holman","CBC","north-dumfries"
"25/09/2014","http://www.cbc.ca/news/canada/kitchener-waterloo/dave-macdonald-wants-to-fight-lrt-6-months-after-saying-he-wouldn-t-1.2778402","Dave MacDonald wants to fight LRT, 6 months after saying he wouldn't","CBC","waterloo"
"25/09/2014","http://www.kitchenerpost.ca/news/kitchener-votes-mayoral-race-slavko-miladinovic/","Kitchener Votes Mayoral race: Slavko Miladinovic","Kitchener Post","kitchener"
"25/09/2014","http://www.kitchenerpost.ca/news/kitchener-votes-ward-5-mary-henein-thorn/","Kitchener Votes Ward 5: Mary Henein Thorn","Kitchener Post","kitchener"
"25/09/2014","http://www.kitchenerpost.ca/news/kitchener-votes-ward-5-trysha-wharton/","Kitchener Votes Ward 5: Trysha Wharton","Kitchener Post","kitchener"
"25/09/2014","http://metronews.ca/news/kitchener/1165991/waterloo-regional-chair-takes-flak-at-debate-on-lrt-growing-debt/","Waterloo regional chair takes flak at debate on LRT, growing debt","Metro","waterloo-region"
"25/09/2014","http://www.therecord.com/news-story/4882256-taxation-light-rail-key-issues-for-waterloo-mayoral-candidates/","Taxation, light rail key issues for Waterloo mayoral candidates","The Record","waterloo"
"25/09/2014","http://www.therecord.com/news-story/4879326-longtime-cambridge-politician-jane-brewer-bows-out-of-waterloo-region-council-race/","Longtime Cambridge politician Jane Brewer bows out of Waterloo Region council race","The Record","waterloo-region"
"25/09/2014","http://www.therecord.com/news-story/4878253-waterloo-region-chair-ken-seiling-takes-hits-on-lrt-growing-debt/","Waterloo Region chair Ken Seiling takes hits on LRT, growing debt","The Record","waterloo-region"
"26/09/2014","http://www.570news.com/2014/09/26/economic-development-and-out-of-the-cold-topics-at-waterloo-mayors-debate/","Economic development and Out of the Cold topics at Waterloo mayor’s debate","570 News","waterloo"
"26/09/2014","http://www.cambridgetimes.ca/cambridge-on-topics/4883598-cambridge-mayoral-race","Cambridge Mayoral Race","Cambridge Times","cambridge"
"26/09/2014","http://www.cambridgetimes.ca/cambridge-on-topics/4883632-cambridge-ward-1","Cambridge Ward 1","Cambridge Times","cambridge"
"26/09/2014","http://www.cambridgetimes.ca/cambridge-on-topics/4883612-cambridge-regional-councillors","Cambridge Regional Councillors","Cambridge Times","waterloo-region"
"26/09/2014","http://www.cbc.ca/news/canada/kitchener-waterloo/waterloo-region-votes-kitchener-ward-10-profile-1.2778065","Waterloo Region votes: Kitchener Ward 10 profile","CBC","kitchener"
"26/09/2014","http://www.cbc.ca/news/canada/kitchener-waterloo/jane-brewer-s-election-withdrawal-creates-potential-quandary-1.2778851","Jane Brewer's election withdrawal creates potential quandary","CBC","waterloo-region"
"26/09/2014","http://observerxtra.com/andrew-brenner-makes-it-a-race-in-wellesleys-ward-3/","Andrew Brenner makes it a race in Wellesley’s Ward 3","ObserverXtra","wellesley"
"26/09/2014","http://observerxtra.com/candidates-stake-their-ground-in-wellesley-debate/","Candidates stake their ground in Wellesley debate","ObserverXtra","wellesley"
"26/09/2014","http://observerxtra.com/newcomer-butch-voisin-takes-on-incumbent-in-wellesleys-ward-4/","Newcomer Butch Voisin takes on incumbent in Wellesley’s Ward 4","ObserverXtra","wellesley"
"29/09/2014","http://www.570news.com/2014/09/29/audio-getting-to-know-berry-vrbanovic-running-for-mayor-of-kitchener/","AUDIO – Getting to know Berry Vrbanovic, running for mayor of Kitchener","570 News","kitchener"
"29/09/2014","http://www.570news.com/2014/09/29/audio-getting-to-know-dan-glenn-graham-running-for-mayor-of-kitchener/","AUDIO – Getting to know Dan Glenn-Graham, running for mayor of Kitchener","570 News","kitchener"
"29/09/2014","http://www.570news.com/2014/09/29/audio-getting-to-know-james-rhodes-running-for-mayor-of-kitchener/","AUDIO – Getting to know James Rhodes, running for mayor of Kitchener","570 News","kitchener"
"29/09/2014","http://www.570news.com/2014/09/29/audio-getting-to-know-peter-martin-running-for-mayor-of-kitchener/","AUDIO – Getting to know Peter Martin, running for mayor of Kitchener","570 News","kitchener"
"29/09/2014","http://www.cambridgetimes.ca/cambridge-on-topics/4886516-cambridge-ward-2","Cambridge Ward 2","Cambridge Times","cambridge"
"29/09/2014","http://www.cambridgetimes.ca/cambridge-on-topics/4886760-cambridge-ward-3","Cambridge Ward 3","Cambridge Times","cambridge"
"29/09/2014","http://www.cbc.ca/news/canada/kitchener-waterloo/waterloo-region-votes-5-questions-for-cambridge-s-sardool-bhogal-1.2781392","Waterloo Region Votes: 5 Questions for Cambridge's Sardool Bhogal","CBC","cambridge"
"29/09/2014","http://www.southwesternontario.ca/news/mayoral-candidates-get-off-to-quiet-start-in-local-debate/","Mayoral candidates get off to quiet start in local debate","Elmira Independent","woolwich"
"29/09/2014","http://www.therecord.com/news-story/4886941-municipal-election-forums-in-waterloo-region-this-week/","Municipal election forums in Waterloo Region this week","The Record","cambridge,kitchener,waterloo,woolwich,waterloo-region"
"30/09/2014","http://www.cambridgetimes.ca/cambridge-on-topics/4887532-cambridge-ward-4","Cambridge Ward 4","Cambridge Times","cambridge"
"30/09/2014","http://www.cambridgetimes.ca/cambridge-on-topics/4887753-cambridge-ward-5","Cambridge Ward 5","Cambridge Times","cambridge"
"30/09/2014","http://www.cambridgetimes.ca/cambridge-on-topics/4888100-cambridge-ward-6","Cambridge Ward 6","Cambridge Times","cambridge"
"30/09/2014","http://www.cambridgetimes.ca/cambridge-on-topics/4888178-cambridge-ward-7","Cambridge Ward 7","Cambridge Times","cambridge"
"30/09/2014","http://www.cambridgetimes.ca/news-story/4887791-two-step-verification-to-be-used-for-online-voting/","Two-step verification to be used for online voting","Cambridge Times","cambridge"
"30/09/2014","http://www.cbc.ca/news/canada/kitchener-waterloo/waterloo-region-votes-waterloo-ward-6-profile-1.2781747","Waterloo Region votes: Waterloo Ward 6 profile","CBC","waterloo"
"30/09/2014","http://www.therecord.com/news-story/4888662-waterloo-region-record-municipal-election-forums/","Waterloo Region Record municipal election forums","The Record","cambridge,kitchener,waterloo,waterloo-region"
"30/09/2014","http://www.therecord.com/news-story/4888972-kitchener-mayoral-hopefuls-exchange-barbs-at-forum/","Kitchener mayoral hopefuls exchange barbs at forum","The Record","kitchener"
"01/10/2014","http://www.570news.com/2014/10/01/final-list-of-mayoral-and-regional-chair-candidates/","Local candidates running in the October 27th municipal election","570 News","all"
"01/10/2014","http://www.570news.com/2014/10/01/lrt-homelessness-and-infrastructure-all-covered-in-kitchener-mayors-debate/","LRT, homelessness and infrastructure all covered in Kitchener mayor’s debate","570 News","kitchener"
"01/10/2014","http://www.570news.com/2014/10/01/waterloo-voter-support-committee-hosting-series-of-debates-starting-monday/","Waterloo Voter Support Committee hosting series of debates starting Monday","570 News","waterloo"
"01/10/2014","http://www.570news.com/2014/10/01/race-for-the-job-of-regional-chair-heats-up/","Race for the job of Regional Chair heats up","570 News","waterloo-region"
"01/10/2014","http://www.570news.com/2014/10/02/cowans-expenses-not-focus-of-woolwich-mayors-debate/","Cowan’s expenses not focus of Woolwich mayor’s forum","570 News","woolwich"
"01/10/2014","http://www.cambridgetimes.ca/news-story/4889278-cambridge-badly-treated-says-outgoing-regional-councillor-claudette-millar/","Cambridge 'badly treated', says outgoing regional councillor Claudette Millar","Cambridge Times","waterloo-region"
"01/10/2014","http://www.cbc.ca/news/canada/kitchener-waterloo/waterloo-region-votes-5-questions-for-cambridge-s-andrew-johnson-1.2782575","Waterloo Region Votes: 5 Questions for Cambridge's Andrew Johnson","CBC","cambridge"
"01/10/2014","http://www.cbc.ca/news/canada/kitchener-waterloo/waterloo-region-votes-waterloo-ward-5-profile-1.2783402","Waterloo Region votes: Waterloo Ward 5 profile","CBC","waterloo"
"01/10/2014","http://www.kitchenerpost.ca/news/kitchener-votes-region-cameron-dearlove/","Kitchener Votes Region: Cameron Dearlove","Kitchener Post","waterloo-region"
"01/10/2014","http://www.kitchenerpost.ca/news/kitchener-votes-region-elizabeth-clarke/","Kitchener Votes Region: Elizabeth Clarke","Kitchener Post","waterloo-region"
"01/10/2014","http://www.kitchenerpost.ca/news/kitchener-votes-region-geoff-lorentz/","Kitchener Votes Region: Geoff Lorentz","Kitchener Post","waterloo-region"
"01/10/2014","http://www.kitchenerpost.ca/news/kitchener-votes-region-greg-burns/","Kitchener Votes Region: Greg Burns","Kitchener Post","waterloo-region"
"01/10/2014","http://www.kitchenerpost.ca/news/kitchener-votes-region-karen-redman/","Kitchener Votes Region: Karen Redman","Kitchener Post","waterloo-region"
"01/10/2014","http://www.kitchenerpost.ca/news/kitchener-votes-region-tom-galloway/","Kitchener Votes Region: Tom Galloway","Kitchener Post","waterloo-region"
"01/10/2014","http://metronews.ca/news/kitchener/1171308/contest-for-waterloos-regional-chair-aggressive-and-escalating/","Contest for Waterloo’s regional chair aggressive and escalating","Metro","waterloo-region"
"01/10/2014","http://www.therecord.com/news-story/4890963-election-candidates-weigh-in-on-how-to-help-local-arts/","Election candidates weigh in on how to help local arts","The Record","all"
"01/10/2014","http://www.therecord.com/news-story/4888911-contest-for-waterloo-region-chair-aggressive-and-escalating/","Contest for Waterloo Region chair aggressive and escalating","The Record","waterloo-region"
"01/10/2014","http://www.therecord.com/news-story/4890902-woolwich-mayor-cowan-spared-expense-issue-at-debate/","Woolwich Mayor Cowan spared expense issue at debate","The Record","woolwich"
"01/10/2014","http://www.waterloochronicle.ca/news/lrt%E2%80%88a-big-issue-at-mayors-debate/","LRT a big issue at mayor’s debate","Waterloo Chronicle","waterloo"
"01/10/2014","http://www.waterloochronicle.ca/news/waterloo-votes-2014/","Waterloo Votes 2014","Waterloo Chronicle","waterloo"
"02/10/2014","http://www.cambridgetimes.ca/news-story/4894113-upcoming-candidate-forums-see-what-the-candidates-have-to-say/","Upcoming candidate forums – see what the candidates have to say","Cambridge Times","cambridge,waterloo-region"
"02/10/2014","http://www.cambridgetimes.ca/news-story/4891488-if-brewer-wins-anyway-regional-council-may-be-in-a-tough-spot/","If Brewer wins anyway, regional council may be in a tough spot","Cambridge Times","waterloo-region"
"02/10/2014","http://www.cambridgetimes.ca/cambridge-on-topics/4894328-regional-chair-candidates","Regional chair candidates","Cambridge Times","waterloo-region"
"02/10/2014","http://www.cbc.ca/news/canada/kitchener-waterloo/waterloo-region-votes-waterloo-ward-2-profile-1.2784573","Waterloo Region votes: Waterloo Ward 2 profile","CBC","waterloo"
"02/10/2014","http://www.kitchenerpost.ca/news/kitchener-votes-ward-10-gabriele-korschewitz/","Kitchener Votes Ward 10: Gabriele Korschewitz","Kitchener Post","kitchener"
"02/10/2014","http://www.kitchenerpost.ca/news/kitchener-votes-ward-8-eric-bohner/","Kitchener Votes Ward 8: Eric Bohner","Kitchener Post","kitchener"
"02/10/2014","http://www.kitchenerpost.ca/news/kitchener-votes-ward-9-michael-windley/","Kitchener Votes Ward 9: Michael Windley","Kitchener Post","kitchener"
"02/10/2014","http://www.kitchenerpost.ca/news/large-race-for-kitcheners-regional-council-seats/","Large race for Kitchener’s regional council seats","Kitchener Post","waterloo-region"
"02/10/2014","http://www.therecord.com/news-story/4894412-opp-investigating-woolwich-mayor-over-expenses/","OPP investigating Woolwich mayor over expenses","The Record","woolwich"
"03/10/2014","http://www.cambridgetimes.ca/cambridge-on-topics/4895886-north-dumfries-mayoral-candidates","North Dumfries mayoral candidates","Cambridge Times","north-dumfries"
"03/10/2014","http://www.cambridgetimes.ca/cambridge-on-topics/4896532-north-dumfries-candidates-for-ward-1","North Dumfries, candidates for Ward 1","Cambridge Times","north-dumfries"
"03/10/2014","http://www.cambridgetimes.ca/cambridge-on-topics/4896655-north-dumfries-candidates-for-ward-2","North Dumfries, candidates for Ward 2","Cambridge Times","north-dumfries"
"03/10/2014","http://www.cbc.ca/news/canada/kitchener-waterloo/waterloo-region-votes-waterloo-ward-4-profile-1.2784976","Waterloo Region votes: Waterloo Ward 4 profile","CBC","waterloo"
"03/10/2014","http://www.southwesternontario.ca/news/wellesley-candidates-look-to-impress-public/","Wellesley candidates look to impress public","Elmira Independent","wellesley"
"03/10/2014","http://observerxtra.com/opp-takes-lead-on-cowan-case/","OPP takes lead on Cowan case","ObserverXtra","woolwich"
"03/10/2014","http://observerxtra.com/specialized-equipment-makes-voting-more-accessible-in-woolwich/","Specialized equipment makes voting more accessible in Woolwich","ObserverXtra","woolwich"
"03/10/2014","http://observerxtra.com/woolwich-mayoral-debate-a-low-key-event/","Woolwich mayoral debate a low-key event","ObserverXtra","woolwich"
"03/10/2014","http://community.thecord.ca/blog/2014/10/03/mayoral-candidate-debate/","Mayoral Candidate Debate","The Cord","kitchener"
"03/10/2014","http://www.therecord.com/news-story/4897010-campaign-controversy-continues-in-waterloo-region/","Campaign controversy continues in Waterloo Region","The Record","all"
"03/10/2014","http://www.therecord.com/news-story/4896895-most-waterloo-region-candidates-wouldn-t-cancel-lrt/","Most Waterloo Region candidates wouldn’t cancel LRT","The Record","all"
"03/10/2014","http://www.therecord.com/news-story/4896840-barb-bierman/","Barb Bierman","The Record","cambridge"
"03/10/2014","http://www.therecord.com/news-story/4897064-margaret-barr/","Margaret Barr","The Record","cambridge"
"03/10/2014","http://www.therecord.com/news-story/4897047-paul-brown/","Paul Brown","The Record","cambridge"
"03/10/2014","http://www.therecord.com/news-story/4896109-dave-schnider/","Dave Schnider","The Record","kitchener"
"03/10/2014","http://www.therecord.com/news-story/4897020-eric-bohner/","Eric Bohner","The Record","kitchener"
"03/10/2014","http://www.therecord.com/news-story/4897012-james-rhodes/","James Rhodes","The Record","kitchener"
"03/10/2014","http://www.therecord.com/news-story/4897005-derrick-ostner/","Derrick Ostner","The Record","north-dumfries"
"03/10/2014","http://www.therecord.com/news-story/4897103-gordon-taylor/","Gordon Taylor","The Record","north-dumfries"
"03/10/2014","http://www.therecord.com/news-story/4897108-brian-bourke/","Brian Bourke","The Record","waterloo"
"03/10/2014","http://www.therecord.com/news-story/4897167-janice-moore/","Janice Moore","The Record","waterloo"
"03/10/2014","http://www.therecord.com/news-story/4895495-brewer-s-name-remains-on-cambridge-ballot-despite-withdrawal-from-regional-race/","Brewer's name remains on Cambridge ballot despite withdrawal from regional race","The Record","waterloo-region"
"03/10/2014","http://www.therecord.com/publication-topics/waterlooregionrecord/4900560-regional-council-waterloo","Regional Council - Waterloo","The Record","waterloo-region"
"03/10/2014","http://www.therecord.com/publication-topics/waterlooregionrecord/4900553-regional-council-kitchener","Regional Council - Kitchener","The Record","waterloo-region"
"03/10/2014","http://www.therecord.com/publication-topics/waterlooregionrecord/4900566-regional-council-cambridge","Regional Council - Cambridge","The Record","waterloo-region"
"03/10/2014","http://www.therecord.com/publication-topics/waterlooregionrecord/4900545-regional-chair","Regional Chair","The Record","waterloo-region"
"03/10/2014","http://www.therecord.com/publication-topics/waterlooregionrecord/4902399-wilmot-ward-4","Wilmot Ward 4","The Record","wilmot"
"03/10/2014","http://www.therecord.com/publication-topics/waterlooregionrecord/4902413-woolwich-ward-2","Woolwich Ward 2","The Record","woolwich"
"03/10/2014","http://www.therecord.com/publication-topics/waterlooregionrecord/4902411-woolwich-ward-1","Woolwich Ward 1","The Record","woolwich"
"03/10/2014","http://www.therecord.com/publication-topics/waterlooregionrecord/4902405-wellesley-ward-3","Wellesley Ward 3","The Record","wellesley"
"04/10/2014","http://www.therecord.com/opinion-story/4896361-municipal-candidates-get-a-chance-to-shine/","Municipal candidates get a chance to shine","The Record","all"
"06/10/2014","http://www.570news.com/2014/10/06/audio-getting-to-know-dave-jaworsky-running-for-mayor-of-waterloo/","AUDIO – Getting to know Dave Jaworsky, running for mayor of Waterloo","570 News","waterloo"
"06/10/2014","http://www.570news.com/2014/10/06/audio-getting-to-know-dave-macdonald-running-for-mayor-of-waterloo/","AUDIO – Getting to know Dave MacDonald, running for mayor of Waterloo","570 News","waterloo"
"06/10/2014","http://www.570news.com/2014/10/06/audio-getting-to-know-erika-traub-running-for-mayor-of-waterloo/","AUDIO – Getting to know Erika Traub, running for mayor of Waterloo","570 News","waterloo"
"06/10/2014","http://www.570news.com/2014/10/06/audio-getting-to-know-rami-said-running-for-mayor-of-waterloo/","AUDIO – Getting to know Rami Said, running for mayor of Waterloo","570 News","waterloo"
"06/10/2014","http://www.cambridgetimes.ca/news-story/4899862-mayoral-hopeful-aims-to-discredit-rivals/","Mayoral hopeful aims to discredit rivals","Cambridge Times","cambridge"
"06/10/2014","http://www.cambridgetimes.ca/cambridge-on-topics/4898967-north-dumfries-candidates-for-ward-3","North Dumfries, candidates for Ward 3","Cambridge Times","north-dumfries"
"06/10/2014","http://www.cambridgetimes.ca/cambridge-on-topics/4899003-north-dumfries-candidates-for-ward-4","North Dumfries, candidates for Ward 4","Cambridge Times","north-dumfries"
"06/10/2014","http://www.cbc.ca/news/canada/kitchener-waterloo/waterloo-region-votes-waterloo-ward-7-profile-1.2788517","Waterloo Region votes: Waterloo Ward 7 profile","CBC","waterloo"
"06/10/2014","http://www.therecord.com/news-story/4900448-niki-allerton/","Niki Allerton","The Record","kitchener"
"06/10/2014","http://www.therecord.com/news-story/4900601-the-acclaimed-waterloo-region-politicians-aim-to-make-a-difference/","The acclaimed: Waterloo Region politicians aim to make a difference","The Record","kitchener,waterloo,wilmot,woolwich"
"06/10/2014","http://www.therecord.com/news-story/4900543-waterloo-region-chair-candidate-aissa-selling-property-to-avoid-lrt-conflict/","Waterloo Region chair candidate Aissa selling property to avoid LRT conflict","The Record","waterloo-region"
"06/10/2014","http://www.therecord.com/publication-topics/waterlooregionrecord/4900534-mayor-wilmot","Mayor - Wilmot","The Record","wilmot"
"07/10/2014","http://www.570news.com/2014/10/07/aissa-to-sell-northfield-property-to-avoid-possible-lrt-conflict/","Aissa to sell Northfield property to avoid possible LRT conflict","570 News","waterloo-region"
"07/10/2014","http://www.cbc.ca/news/canada/kitchener-waterloo/waterloo-mayor-hopefuls-agree-bureaucracy-stymies-business-1.2789893","Waterloo mayor hopefuls agree bureaucracy stymies business","CBC","waterloo"
"07/10/2014","http://www.cbc.ca/news/canada/kitchener-waterloo/waterloo-region-votes-waterloo-ward-1-profile-1.2789169","Waterloo Region votes: Waterloo Ward 1 profile","CBC","waterloo"
"07/10/2014","http://www.therecord.com/news-story/4901906-kayla-andrade/","Kayla Andrade","The Record","cambridge"
"07/10/2014","http://www.therecord.com/news-story/4902430-waterloo-mayoral-hopefuls-pitch-city-hall-reform/","Waterloo mayoral hopefuls pitch city hall reform","The Record","waterloo"
"07/10/2014","http://www.therecord.com/news-story/4902430-waterloo-mayoral-hopefuls-pitch-city-hall-reform/","Waterloo mayoral hopefuls pitch city hall reform","The Record","waterloo"
"07/10/2014","http://www.therecord.com/news-story/4902365-waterloo-region-chair-hopeful-has-criminal-record/","Waterloo Region chair hopeful has criminal record","The Record","waterloo-region"
"07/10/2014","http://www.therecord.com/publication-topics/waterlooregionrecord/4902395-wilmot-ward-2","Wilmot Ward 2","The Record","wilmot"
"07/10/2014","http://www.therecord.com/publication-topics/waterlooregionrecord/4902415-woolwich-ward-3","Woolwich Ward 3","The Record","woolwich"
"07/10/2014","http://www.therecord.com/publication-topics/waterlooregionrecord/4900542-mayor-woolwich","Mayor - Woolwich","The Record","woolwich"
"07/10/2014","http://www.therecord.com/publication-topics/waterlooregionrecord/4900539-wellesley-mayor","Mayor - Wellesley","The Record","wellesley"
"08/10/2014","http://www.570news.com/2014/10/08/candidate-running-for-regional-chair-reportedly-has-criminal-record/","Candidate running for Regional Chair reportedly has criminal record","570 News","waterloo-region"
"08/10/2014","http://www.cbc.ca/news/canada/kitchener-waterloo/waterloo-region-votes-waterloo-ward-3-profile-1.2791674","Waterloo Region votes: Waterloo Ward 3 profile","CBC","waterloo"
"08/10/2014","http://www.therecord.com/news-story/4903838-shannon-adshade/","Shannon Adshade","The Record","cambridge"
"08/10/2014","http://www.therecord.com/news-story/4904692-kitchener-mayoral-candidates-square-off-over-spending-services/","Kitchener mayoral candidates square off over spending, services","The Record","kitchener"
"08/10/2014","http://www.therecord.com/news-story/4896772-replay-kitchener-mayoral-forum/","REPLAY: Kitchener Mayoral Forum","The Record","kitchener"
"08/10/2014","http://www.waterloochronicle.ca/news/mayoral-candidates-weigh-in-on-idea-of-budget-committee/","Mayoral candidates weigh in on idea of budget committee","Waterloo Chronicle","waterloo"
"08/10/2014","http://www.waterloochronicle.ca/news/waterloo-votes-2014-affordable-housing/","Waterloo Votes 2014 — Affordable housing","Waterloo Chronicle","waterloo"
"08/10/2014","http://www.waterloochronicle.ca/news/regional-council-candidates-split-on-support-for-new-ion/","Regional council candidates split on support for new Ion","Waterloo Chronicle","waterloo-region"
"09/10/2014","http://www.cambridgetimes.ca/news-story/4905523-jane-brewer-signs-off-on-non-campaign-awareness/","Jane Brewer signs off on non-campaign awareness","Cambridge Times","waterloo-region"
"09/10/2014","http://www.kitchenerpost.ca/news/kitchener-votes-ward-1-marcus-drasdo/","Kitchener Votes Ward 1: Marcus Drasdo","Kitchener Post","kitchener"
"09/10/2014","http://www.kitchenerpost.ca/news/kitchener-votes-ward-1-wayne-riehl/","Kitchener Votes Ward 1: Wayne Riehl","Kitchener Post","kitchener"
"09/10/2014","http://www.kitchenerpost.ca/news/kitchener-votes-ward-1-niki-allerton/","Kitchener Votes Ward 1: Niki Allerton","Kitchener Post","kitchener"
"09/10/2014","http://www.therecord.com/news-story/4904607-advance-voting-begins-for-municipal-elections/","Advance Voting Begins for Municipal Elections","The Record","all"
"09/10/2014","http://www.therecord.com/news-story/4908521-home-offices-for-kitchener-councillors-cost-taxpayers-almost-100k-since-2011/","Home offices for Kitchener councillors cost taxpayers almost $100K since 2011 ","The Record","kitchener"
"09/10/2014","http://www.therecord.com/news-story/4908628-waterloo-region-s-debt-poverty-dominate-heated-chair-forum/","Waterloo Region’s debt, poverty dominate heated chair forum ","The Record","waterloo-region"
"09/10/2014","http://www.therecord.com/news-story/4904691-replay-regional-chair-forum/","REPLAY: Regional Chair Forum ","The Record","waterloo-region"
"09/10/2014","http://www.therecord.com/publication-topics/waterlooregionrecord/4902391-wilmot-ward-1","Wilmot Ward 1","The Record","wilmot"
"10/10/2014","http://www.southwesternontario.ca/news/tame-woolwich-mayoral-debate-tackles-infrastructure-regional-issues/","Tame Woolwich mayoral debate tackles infrastructure, regional issues","Elmira Independent","woolwich"
"10/10/2014","http://www.therecord.com/news-story/4908512-pair-of-withdrawn-candidates-will-still-appear-on-ballots-oct-27/","Pair of withdrawn candidates will still appear on ballots Oct. 27 ","The Record","waterloo-region"
"10/10/2014","http://www.therecord.com/news-story/4908488-are-robocalls-the-new-norm-in-waterloo-region-/","Are robocalls the new norm in Waterloo Region? ","The Record","waterloo-region,kitchener"
"11/10/2014","http://www.cambridgetimes.ca/news-story/4909629-ward-candidates-discuss-what-s-best-for-cambridge-s-future/","Ward candidates discuss what’s best for Cambridge’s future ","Cambridge Times","cambridge"
"11/10/2014","http://www.therecord.com/news-story/4910856-criminal-charges-candidate-forums-mark-16-days-to-election/","Criminal charges, candidate forums mark 16 days to election ","The Record","waterloo-region,cambridge,kitchener,waterloo,north-dumfries,woolwich"
"13/10/2014","http://www.cambridgetimes.ca/news-story/4909835-casting-a-ballot-in-the-buff/","Casting a ballot in the buff","Cambridge Times","cambridge"
"13/10/2014","http://www.therecord.com/news-story/4911959-a-city-on-the-cusp-of-change-issues-aplenty-for-voters-in-kitchener/","A city on the cusp of change: issues aplenty for voters in Kitchener","The Record","kitchener"
"14/10/2014","http://www.570news.com/2014/10/14/audio-getting-to-know-doug-craig-running-for-mayor-of-cambridge/","AUDIO – Getting to know Doug Craig, running for mayor of Cambridge","570 News","cambridge"
"14/10/2014","http://www.570news.com/2014/10/14/audio-getting-to-know-linda-whetham-running-for-mayor-of-cambridge/","AUDIO – Getting to know Linda Whetham, running for mayor of Cambridge","570 News","cambridge"
"14/10/2014","http://www.570news.com/2014/10/14/audio-getting-to-know-paul-tavares-running-for-mayor-of-cambridge/","AUDIO – Getting to know Paul Tavares, running for mayor of Cambridge","570 News","cambridge"
"14/10/2014","http://www.570news.com/2014/10/14/audio-getting-to-know-andrew-johnson-running-for-mayor-of-cambridge/","AUDIO – Getting to know Andrew Johnson, running for mayor of Cambridge","570 News","cambridge"
"14/10/2014","http://www.570news.com/2014/10/14/audio-getting-to-know-sardool-bhogal-running-for-mayor-of-cambridge/","AUDIO – Getting to know Sardool Bhogal, running for mayor of Cambridge","570 News","cambridge"
"14/10/2014","http://www.570news.com/2014/10/14/audio-getting-to-know-harpinder-singh-running-for-mayor-of-cambridge/","AUDIO – Getting to know Harpinder Singh, running for mayor of Cambridge","570 News","cambridge"
"14/10/2014","http://www.570news.com/2014/10/14/kitchener-mayoral-candidate-drops-out-of-race/","Kitchener mayor’s race down to four candidates","570 News","kitchener"
"14/10/2014","http://www.cbc.ca/news/canada/kitchener-waterloo/james-rhodes-quits-kitchener-mayor-s-race-now-backs-dan-glenn-graham-1.2798336","James Rhodes quits Kitchener mayor's race, now backs Dan Glenn-Graham","CBC","kitchener"
"14/10/2014","http://www.therecord.com/news-story/4911711-replay-cambridge-mayoral-forum/","REPLAY: Cambridge Mayoral Forum","The Record","cambridge"
"14/10/2014","http://www.therecord.com/news-story/4911959-a-city-on-the-cusp-of-change-issues-aplenty-for-voters-in-kitchener/","A city on the cusp of change: issues aplenty for voters in Kitchener","The Record","kitchener"
"14/10/2014","http://www.therecord.com/news-story/4913811-2014-election-wealthy-waterloo-not-without-its-challenges/","2014 election: Wealthy Waterloo not without its challenges","The Record","waterloo"
"14/10/2014","http://www.therecord.com/news-story/4913784-rhodes-pulls-out-of-kitchener-mayoral-race-endorses-glenn-graham/","Rhodes pulls out of Kitchener mayoral race, endorses Glenn-Graham","The Record","kitchener"
"15/10/2014","http://www.570news.com/2014/10/15/dozens-take-part-as-advanced-polls-open-in-kitchener-2/","Dozens take part as advanced polls open in Kitchener","570 News","kitchener,waterloo-region"
"15/10/2014","http://www.cambridgetimes.ca/news-story/4915406-not-sure-where-to-vote-there-s-an-app-for-that/","Not sure where to vote? There’s an app for that","Cambridge Times","cambridge"
"15/10/2014","http://www.cambridgetimes.ca/news-story/4915598-north-dumfries-mayoral-candidates-pitch-their-strengths/","North Dumfries mayoral candidates pitch their strengths","Cambridge Times","north-dumfries"
"15/10/2014","http://www.kitchenerpost.ca/news/kitchener-votes-ward-2-dave-schnider/","Kitchener Votes Ward 2: Dave Schnider","Kitchener Post","kitchener"
"15/10/2014","http://www.kitchenerpost.ca/news/kitchener-votes-ward-2-wasai-rahimi/","Kitchener Votes Ward 2: Wasai Rahimi","Kitchener Post","kitchener"
"15/10/2014","http://www.kitchenerpost.ca/news/kitchener-votes-ward-2-steven-cage/","Kitchener Votes Ward 2: Steven Cage","Kitchener Post","kitchener"
"15/10/2014","http://www.therecord.com/publication-topics/waterlooregionrecord/4902401-wellesley-ward-1","Wellesley Ward 1","The Record","wellesley"
"15/10/2014","http://www.therecord.com/news-story/4913995-cambridge-mayoral-challengers-attack-incumbent-craig-s-record-on-public-buildings-galt-favouritism/","Cambridge mayoral challengers attack incumbent Craig’s record on public buildings, Galt favouritism","The Record","cambridge"
"15/10/2014","http://www.therecord.com/news-story/4911778-replay-waterloo-mayoral-forum/","REPLAY: Waterloo Mayoral Forum","The Record","waterloo"
"15/10/2014","http://www.therecord.com/news-story/4915888-transportation-infrastructure-city-hall-culture-on-cambridge-voters-radar/","Transportation, infrastructure, city hall culture on Cambridge voters’ radar","The Record","cambridge"
"15/10/2014","http://www.therecord.com/news-story/4915963-waterloo-mayoral-hopefuls-debate-travel-budgets-firefighter-bonuses/","Waterloo mayoral hopefuls debate travel budgets, firefighter bonuses","The Record","waterloo"
"15/10/2014","http://www.waterloochronicle.ca/news/civic-engagement-theme-of-ward-5-debate/","Civic engagement theme of Ward 5 debate","Waterloo Chronicle","waterloo"
"15/10/2014","http://www.waterloochronicle.ca/news/passion-versus-polish-in-ward-6-debate/","Passion versus polish in Ward 6 debate","Waterloo Chronicle","waterloo"
"15/10/2014","http://www.waterloochronicle.ca/news/waterloo-votes-2014-infrastructure-deficit/","Waterloo Votes 2014 — Infrastructure Deficit","Waterloo Chronicle","waterloo"
"16/10/2014","http://www.570news.com/2014/10/16/cambridge-ward-5-candidate-uses-revealing-twitter-photo-to-encourage-votes/","Cambridge Ward 5 candidate uses revealing Twitter photo to encourage votes","570 News","cambridge"
"16/10/2014","http://www.cambridgetimes.ca/news-story/4918637-nearly-1-600-ballots-have-already-been-cast-in-cambridge/","Nearly 1,600 ballots have already been cast in Cambridge","Cambridge Times","cambridge"
"16/10/2014","http://www.cambridgetimes.ca/news-story/4918635-former-candidate-accuses-barb-bierman-of-taking-his-ideas/","Former candidate accuses Barb Bierman of taking his ideas","Cambridge Times","cambridge"
"16/10/2014","http://www.kitchenerpost.ca/news/rhodes-drops-out-of-mayoral-race/","Rhodes drops out of mayoral race","Kitchener Post","kitchener"
"16/10/2014","http://www.therecord.com/news-story/4919734-controversy-gravel-pits-debt-and-growth-big-issues-in-waterloo-region-townships/","Controversy, gravel pits, debt and growth big issues in Waterloo Region townships","The Record","north-dumfries,wellesley,wilmot,woolwich"
"17/10/2014","http://www.570news.com/2014/10/17/judge-tosses-legal-challenge-to-have-two-cambridge-mayoral-candidates-disqualified/","Judge tosses legal challenge to have two Cambridge mayoral candidates disqualified","570 News","cambridge"
"17/10/2014","http://www.570news.com/2014/10/17/kitchener-mayoral-candidate-dan-glenn-graham-accused-of-running-interference-in-ward-two/","Kitchener mayoral candidate Dan Glenn-Graham accused of running interference in Ward Two","570 News","kitchener"
"17/10/2014","http://www.570news.com/2014/10/17/ward-2-kitchener-city-council-candidate-grayson-zeilstra-comments-on-email-scandal/","Ward 2 Kitchener City Council Candidate Grayson Zeilstra comments on email scandal","570 News","kitchener"
"17/10/2014","http://www.570news.com/2014/10/17/kitchener-ward-2-candidate-steven-cage-comments-on-email-controversy/","Kitchener Ward 2 Candidate Steven Cage comments on email controversy","570 News","kitchener"
"17/10/2014","http://www.570news.com/2014/10/17/kitchener-ward-2-candidate-chris-letizi-comments-on-email-controversy/","Kitchener Ward 2 Candidate Chris Letizi comments on email controversy","570 News","kitchener"
"17/10/2014","http://www.570news.com/2014/10/17/political-expert-doesnt-buy-dan-glenn-grahams-story/","Political expert doesn’t buy Dan Glenn-Graham’s story","570 News","kitchener"
"17/10/2014","http://www.570news.com/2014/10/17/approximately-1500-votes-cast-in-advanced-polling-stations-for-waterloo-municipal-election/","Approximately 1,500 votes cast in advanced polls in Waterloo","570 News","waterloo,waterloo-region"
"17/10/2014","http://www.cambridgetimes.ca/news-story/4920701-cambridge-needs-greater-voice-at-region-candidates-agree/","Cambridge needs greater voice at region, candidates agree","Cambridge Times","waterloo-region"
"17/10/2014","http://www.cbc.ca/news/canada/kitchener-waterloo/dan-glenn-graham-s-apology-not-valid-says-wasai-rahimi-1.2804123","Dan Glenn-Graham's apology not valid, says Wasai Rahimi","CBC","kitchener"
"17/10/2014","http://www.cbc.ca/news/canada/kitchener-waterloo/kitchener-mayor-carl-zehr-disturbed-by-email-from-glenn-graham-campaign-1.2802688","Kitchener mayor Carl Zehr 'disturbed' by email from Glenn-Graham campaign","CBC","kitchener"
"17/10/2014","http://www.cbc.ca/news/canada/kitchener-waterloo/dan-glenn-graham-apologizes-for-email-asking-council-candidate-to-drop-out-1.2802457","Dan Glenn-Graham apologizes for email asking council candidate to drop out","CBC","kitchener"
"17/10/2014","http://www.therecord.com/news-story/4921387-the-four-men-who-want-to-be-kitchener-s-next-mayor/","The four men who want to be Kitchener’s next mayor","The Record","kitchener"
"17/10/2014","http://www.therecord.com/news-story/4921397-election-an-uphill-battle-for-some-township-politicians/","Election an uphill battle for some township politicians","The Record","north-dumfries,wellesley,wilmot,woolwich"
"17/10/2014","http://www.therecord.com/news-story/4919777-cambridge-mayoral-candidate-fails-in-bid-to-disqualify-two-rivals/","Cambridge mayoral candidate fails in bid to disqualify two rivals","The Record","cambridge"
"17/10/2014","http://www.therecord.com/news-story/4921335-rookies-vie-for-waterloo-s-top-political-job/","Rookies vie for Waterloo’s top political job","The Record","waterloo"
"17/10/2014","http://www.therecord.com/news-story/4921450-wide-pool-of-contenders-come-forward-to-challenge-craig-in-cambridge/","Wide pool of contenders come forward to challenge Craig in Cambridge","The Record","cambridge"
"17/10/2014","http://www.therecord.com/news-story/4921521-half-of-each-property-tax-bill-goes-to-the-region/","Half of each property tax bill goes to the region","The Record","waterloo-region"
"18/10/2014","http://www.570news.com/2014/10/18/ward-2-candidate-doesnt-accept-dan-glenn-grahams-apology/","Ward 2 candidate doesn’t accept Dan Glenn Graham’s apology.","570 News","kitchener"
"18/10/2014","http://www.therecord.com/news-story/4921507-kitchener-mayoral-candidate-apologizes-over-email-asking-ward-2-candidate-to-step-down/","Kitchener mayoral candidate apologizes over email asking Ward 2 candidate to step down","The Record","kitchener"
"18/10/2014","http://www.therecord.com/news-story/4921332-big-city-politics-come-to-waterloo-region/","Big city politics come to Waterloo Region","The Record","all"
"20/10/2014","http://www.570news.com/2014/10/20/political-watcher-says-voters-turned-off-by-local-election-antics/","Political watcher says voters turned off by local election antics","570 News","kitchener"
"20/10/2014","http://www.570news.com/2014/10/20/advanced-polling-closed-cambridge-sees-increase-in-early-voters/","Advanced polling closed; Cambridge sees increase in early voters","570 News","all"
"20/10/2014","http://www.cbc.ca/m/news/canada/kitchener-waterloo/dan-glenn-graham-fires-campaign-staffer-for-sending-email-1.2805931","Dan Glenn-Graham fires campaign staffer for sending email","CBC","kitchener"
"20/10/2014","http://www.cbc.ca/news/canada/kitchener-waterloo/dan-glenn-graham-says-campaign-staffer-resigned-over-controversial-email-1.2805931","Dan Glenn-Graham says campaign staffer resigned over controversial email","CBC","kitchener"
